Input,Pred,Pred_Latin,Gold
จงเขียนวิธีเฮ็ด แจ่วบักเขือ เป็นภาษาอีสาน,"การทำแจ่วบักเขือ เป็นเมนูที่สำคัญของคนอีสาน โดยเฉพาะในช่วงเทศกาลและงานบุญ เรามีวิธีการทำแจ่วบักเขือแบบง่ายๆ ดังนี้

วัตถุดิบ:

* บักเขือ (ผักบุ้ง) 1 กำ
* พริกแห้ง 5-6 เม็ด
* กระเทียม 3-4 หัว
* หอมแดง 2-3 หัว
* น้ำปลา 2 ช้อนโต๊ะ
* น้ำมะนาว 1 ช้อนโต๊ะ
* น้ำตาลปี๊บ 1 ช้อนโต๊ะ
* เกลือ 1/2 ช้อนชา
* น้ำ 1/2 ถ้วย
* ผักชี 1 กำ (สำหรับตกแต่ง)

วิธีทำ:

1. นำบักเขือมาล้างให้สะอาด แล้วหั่นเป็นชิ้นเล็กๆ
2. นำพริกแห้ง กระเทียม และหอมแดงมาบดให้ละเอียด
3. นำน้ำปลา น้ำมะนาว น้ำตาลปี๊บ เกลือ และน้ำมาบดผสมกับพริกที่บดไว้
4. นำบักเขือที่หั่นไว้มาคลุกกับน้ำพริกที่ผสมไว้ให้ทั่ว
5. นำแจ่วบักเขือที่ทำไว้มาตั้งให้เย็น แล้วนำผักชีมาตกแต่ง
6. เสิร์ฟแจ่วบักเขือพร้อมกับข้าวเหนียวหรือข้าวสวย

แจ่วบักเขือที่ทำตามวิธีนี้จะมีรสชาติที่เผ็ด เปรี้ยว หวาน และเค็ม ที่ลงตัว เป็นเมนูที่เหมาะสำหรับการรับประทานในช่วงเทศกาลและงานบุญของคนอีสาน","karthamaechwbakekhueo epnemnuthisamkhaykhongkhnoisan odyechphaaainchwngethskalaelanganbuy eramiwithikarthamaechwbakekhueoaebbngay- dangni

watthudib:

* bakekhueo (phakbung) 1 kam
* phrikaehng 5-6 emd
* kraethiym 3-4 haw
* homaedng 2-3 haw
* nampla 2 chonota
* nammanaw 1 chonota
* namtalpib 1 chonota
* eklueo 1/2 choncha
* nam 1/2 thwy
* phakchi 1 kam (samhrabtkaetng)

withitham:

1. nambakekhueomalangaihsaoad aelwhanepnchinelk-
2. namphrikaehng kraethiym aelahomaedngmabdaihlaeoiyd
3. namnampla nammanaw namtalpib eklueo aelanammabdphsmkabphrikthibdaiw
4. nambakekhueothihanaiwmakhlukkabnamphrikthiphsmaiwaihthaw
5. namaechwbakekhueothithamaiwmatangaiheyn aelwnamphakchimatkaetng
6. esirfaechwbakekhueophromkabkhawehniywhrueokhawswy

aechwbakekhueothithamtamwithinichamirschatithiephd epriyw hwan aelaekhm thilngtaw epnemnuthiehmaasamhrabkarrabprathanainchwngethskalaelanganbuykhongkhnoisan",.
จงเขียนวิธีเฮ็ด อ่อมน้องวัว เป็นภาษาอีสาน," the way to make ""อ่อมน้องวัว"" in Isan language:

อ่อมน้องวัว เป็นอาหารที่มาจากภาคอีสานของประเทศไทย มันเป็นอาหารที่ทำจากเนื้อวัวที่ถูกต้มจนเปื่อย แล้วนำไปผสมกับเครื่องเทศและสมุนไพรต่างๆ เพื่อให้มีรสชาติที่อร่อยและหอม

วิธีทำอ่อมน้องวัว:

1. นำเนื้อวัวไปต้มในน้ำเดือดจนเปื่อย
2. นำเนื้อวัวที่ต้มแล้วไปผสมกับเครื่องเทศและสมุนไพรต่างๆ เช่น กระเทียม, พริกไทย, ใบมะกรูด, ใบโหระพา, ตะไคร้, ข่า, หอมแดง, เกลือ, น้ำปลา
3. นำผสมทั้งหมดไปต้มในน้ำเดือดอีกครั้งจนเครื่องเทศและสมุนไพรละลายเข้ากับเนื้อวัว
4. ปรุงรสด้วยน้ำปลา, เกลือ, น้ำตาล, น้ำมะนาว
5. ตักอ่อมน้องวัวใส่จาน แล้วเสิร์ฟพร้อมกับข้าวหรือขนมจีน

หมายเหตุ: อ่อมน้องวัวเป็นอาหารที่มีรสชาติเผ็ดร้อน จึงควรปรุงรสด้วยความระมัดระวัง เพื่อให้ได้รสชาติที่ถูกต้องตามความชอบของแต่ละคน"," the way to make ""oomnongwaw"" in Isan language:

oomnongwaw epnoaharthimachakphakhoisankhongpraethsaithy manepnoaharthithamchakenueowawthithuktmchnepueoy aelwnamaipphsmkabekhrueongethsaelasmunaiphrtang- ephueoaihmirschatithioroyaelahom

withithamoomnongwaw:

1. namenueowawaiptmainnamedueodchnepueoy
2. namenueowawthitmaelwaipphsmkabekhrueongethsaelasmunaiphrtang- echn kraethiym, phrikaithy, aibmakrud, aibohrapha, taaikhr, kha, homaedng, eklueo, nampla
3. namphsmthanghmdaiptmainnamedueodoikkhrangchnekhrueongethsaelasmunaiphrlalayekhakabenueowaw
4. prungrsdwynampla, eklueo, namtal, nammanaw
5. takoomnongwawaischan aelwesirfphromkabkhawhrueokhnmchin

hmayehtu: oomnongwawepnoaharthimirschatiephdron chuengkhwrprungrsdwykhwamramadrawang ephueoaihaidrschatithithuktongtamkhwamchobkhongaetlakhn",.
จงเขียนวิธีเฮ็ด ตำบักหุ่ง เป็นภาษาอีสาน,"การทำตำบักหุ่ง เป็นอาหารพื้นบ้านของชาวอีสานที่มีรสชาติอร่อยและเป็นที่ชื่นชอบของหลายคน ดังนั้น วันนี้เราจะมาสอนวิธีการทำตำบักหุ่งแบบง่ายๆ ให้ทุกคนได้ลองทำกันเอง

วัตถุดิบ:

- บักหุ่ง (หรือปลาหมึก) 1 กิโลกรัม
- พริกขี้หนู 10-15 เม็ด
- กระเทียม 5-6 กลีบ
- หอมแดง 2-3 หัว
- น้ำปลา 2 ช้อนโต๊ะ
- น้ำมะนาว 1/2 ถ้วย
- น้ำตาลปี๊บ 1 ช้อนโต๊ะ
- ผักชี 1 กำ
- เกลือป่น 1 ช้อนชา

วิธีทำ:

1. นำบักหุ่งมาแช่น้ำให้นุ่ม แล้วล้างให้สะอาด
2. นำบักหุ่งมาผ่าครึ่ง แล้วตัดเป็นชิ้นเล็กๆ
3. นำพริกขี้หนู กระเทียม และหอมแดงมาโขลกให้ละเอียด
4. นำบักหุ่งที่ตัดแล้วมาโขลกกับพริกขี้หนู กระเทียม และหอมแดงให้เข้ากัน
5. ใส่น้ำปลา น้ำมะนาว น้ำตาลปี๊บ และเกลือป่นลงไป แล้วโขลกให้เข้ากัน
6. ใส่ผักชีลงไป แล้วโขลกให้เข้ากันอีกครั้ง
7. นำตำบักหุ่งที่ทำเสร็จแล้วมาเสิร์ฟกับข้าวเหนียวหรือข้าวสวย

ขอให้ทุกคนสนุกกับการทำตำบักหุ่งและรับประทานอย่างอร่อยนะครับ!","karthamtambakhung epnoaharphuenbankhongchawoisanthimirschatioroyaelaepnthichuenchobkhonghlaykhn dangnan wannierachamasonwithikarthamtambakhungaebbngay- aihthukkhnaidlongthamkaneong

watthudib:

- bakhung (hrueoplahmuek) 1 kiolkram
- phrikkhihnu 10-15 emd
- kraethiym 5-6 klib
- homaedng 2-3 haw
- nampla 2 chonota
- nammanaw 1/2 thwy
- namtalpib 1 chonota
- phakchi 1 kam
- eklueopn 1 choncha

withitham:

1. nambakhungmaaechnamaihnum aelwlangaihsaoad
2. nambakhungmaphakhrueng aelwtadepnchinelk-
3. namphrikkhihnu kraethiym aelahomaedngmaokhlkaihlaeoiyd
4. nambakhungthitadaelwmaokhlkkabphrikkhihnu kraethiym aelahomaedngaihekhakan
5. aisnampla nammanaw namtalpib aelaeklueopnlngaip aelwokhlkaihekhakan
6. aisphakchilngaip aelwokhlkaihekhakanoikkhrang
7. namtambakhungthithamesrchaelwmaesirfkabkhawehniywhrueokhawswy

khoaihthukkhnsnukkabkarthamtambakhungaelarabprathanoyangoroynakhrab!",.
จงเขียนวิธีเฮ็ด หมกหน่อไม้ เป็นภาษาอีสาน,"หมกหน่อไม้ เป็นอาหารที่นิยมในภาคอีสานของประเทศไทย มันทำจากหน่อไม้และเครื่องเทศต่างๆ วิธีการทำหมกหน่อไม้ ดังนี้

วัตถุดิบ:

- หน่อไม้ 1 กิโลกรัม
- พริกแห้ง 2-3 เม็ด
- กระเทียม 3-4 หัว
- หอมแดง 2-3 หัว
- น้ำปลา 2 ช้อนโต๊ะ
- น้ำตาล 1 ช้อนโต๊ะ
- น้ำมันพืช 2 ช้อนโต๊ะ
- เกลือ 1 ช้อนชา
- ใบมะกรูด 2-3 ใบ
- ใบผักชี 1 กำ

วิธีทำ:

1. นำหน่อไม้มาล้างให้สะอาด แล้วหั่นเป็นชิ้นเล็กๆ
2. นำพริกแห้ง กระเทียม หอมแดง มาบดให้ละเอียด
3. นำน้ำปลา น้ำตาล น้ำมันพืช เกลือ มาผสมกัน
4. นำหน่อไม้ที่หั่นแล้ว มาผสมกับเครื่องเทศที่บดแล้ว และน้ำที่ผสมแล้ว
5. นำใบมะกรูดและใบผักชี มาผสมกับหน่อไม้
6. นำหมกหน่อไม้ไปนึ่งในหม้อหุงข้าว หรือหม้อนึ่ง จนกว่าหน่อไม้จะสุก
7. เมื่อหน่อไม้สุกแล้ว นำออกมาจากหม้อ แล้วเสิร์ฟ

หมกหน่อไม้ เป็นอาหารที่อร่อยและเป็นเอกลักษณ์ของภาคอีสาน การทำหมกหน่อไม้ไม่ยาก เพียงแค่มีวัตถุดิบที่จำเป็นและทำตามขั้นตอนข้างต้น ก็สามารถทำหมกหน่อไม้ได้แล้ว.","hmkhnoaim epnoaharthiniymainphakhoisankhongpraethsaithy manthamchakhnoaimaelaekhrueongethstang- withikarthamhmkhnoaim dangni

watthudib:

- hnoaim 1 kiolkram
- phrikaehng 2-3 emd
- kraethiym 3-4 haw
- homaedng 2-3 haw
- nampla 2 chonota
- namtal 1 chonota
- nammanphuech 2 chonota
- eklueo 1 choncha
- aibmakrud 2-3 aib
- aibphakchi 1 kam

withitham:

1. namhnoaimmalangaihsaoad aelwhanepnchinelk-
2. namphrikaehng kraethiym homaedng mabdaihlaeoiyd
3. namnampla namtal nammanphuech eklueo maphsmkan
4. namhnoaimthihanaelw maphsmkabekhrueongethsthibdaelw aelanamthiphsmaelw
5. namaibmakrudaelaaibphakchi maphsmkabhnoaim
6. namhmkhnoaimaipnuengainhmohungkhaw hrueohmonueng chnkwahnoaimchasuk
7. emueohnoaimsukaelw namookmachakhmo aelwesirf

hmkhnoaim epnoaharthioroyaelaepneoklaksnkhongphakhoisan karthamhmkhnoaimaimyak ephiyngaekhmiwatthudibthichamepnaelathamtamkhantonkhangtn ksamarththamhmkhnoaimaidaelw.",.
จงเขียนวิธีเฮ็ด ซอยจุ๊ เป็นภาษาอีสาน,"การทำซอยจุ๊ เป็นอาหารที่สำคัญและอร่อยของชาวอีสาน วิธีการทำซอยจุ๊ มีดังนี้

1. เตรียมวัตถุดิบ: ส่วนผสมหลักของซอยจุ๊ ได้แก่ เนื้อหมู, เนื้อไก่, หรือเนื้อวัว, พริกไทย, กระเทียม, หอมแดง, ตะไคร้, ใบมะกรูด, น้ำปลา, น้ำตาล, น้ำมันพืช, และผักชี

2. ทำน้ำซอย: นำพริกไทย, กระเทียม, หอมแดง, และตะไคร้ มาบดให้ละเอียด แล้วนำไปผัดในน้ำมันพืชจนหอม จากนั้นใส่น้ำปลา, น้ำตาล, และน้ำลงไป คนให้เข้ากัน

3. ทำเนื้อ: นำเนื้อที่เลือกมา (หมู, ไก่, หรือวัว) มาสับให้ละเอียด แล้วนำไปผัดในน้ำซอยที่ทำไว้จนเนื้อสุก

4. ใส่ผักชี: นำผักชีที่เตรียมไว้มาใส่ลงไปในน้ำซอยที่มีเนื้อ แล้วคนให้เข้ากัน

5. ปรุงรส: ตรวจสอบรสชาติของซอยจุ๊ ถ้าไม่พอใจ สามารถปรุงเพิ่มได้

6. เสิร์ฟ: นำซอยจุ๊ที่ทำเสร็จแล้วมาเสิร์ฟกับข้าว หรือผักสด

ขอให้ทุกคนสนุกกับการทำซอยจุ๊ และอร่อยกับการทาน!","karthamsoychu epnoaharthisamkhayaelaoroykhongchawoisan withikarthamsoychu midangni

1. etriymwatthudib: swnphsmhlakkhongsoychu aidaek enueohmu, enueoaik, hrueoenueowaw, phrikaithy, kraethiym, homaedng, taaikhr, aibmakrud, nampla, namtal, nammanphuech, aelaphakchi

2. thamnamsoy: namphrikaithy, kraethiym, homaedng, aelataaikhr mabdaihlaeoiyd aelwnamaipphadainnammanphuechchnhom chaknanaisnampla, namtal, aelanamlngaip khnaihekhakan

3. thamenueo: namenueothielueokma (hmu, aik, hrueowaw) masabaihlaeoiyd aelwnamaipphadainnamsoythithamaiwchnenueosuk

4. aisphakchi: namphakchithietriymaiwmaaislngaipainnamsoythimienueo aelwkhnaihekhakan

5. prungrs: trwchsobrschatikhongsoychu thaaimphoaich samarthprungephimaid

6. esirf: namsoychuthithamesrchaelwmaesirfkabkhaw hrueophaksd

khoaihthukkhnsnukkabkarthamsoychu aelaoroykabkarthan!",.
จงเขียนวิธีเฮ็ด แกงขี้เหล็ก เป็นภาษาอีสาน,"วิธีเฮ็ดแกงขี้เหล็กแบบอีสาน

ส่วนผสม:

1. เนื้อหมูหรือไก่ 500 กรัม
2. ขี้เหล็ก (ผักบุ้ง) 1 กำ
3. พริกไทย 1 ช้อนโต๊ะ
4. กระเทียม 3 หัว
5. หอมแดง 2 หัว
6. น้ำปลา 2 ช้อนโต๊ะ
7. น้ำตาล 1 ช้อนโต๊ะ
8. น้ำมันพืช 2 ช้อนโต๊ะ
9. น้ำซุป 2 ถ้วย
10. เกลือ 1 ช้อนชา
11. ใบมะกรูด 2 ใบ

วิธีเฮ็ด:

1. นำเนื้อหมูหรือไก่มาผ่าให้เป็นชิ้นเล็กๆ แล้วล้างให้สะอาด
2. นำขี้เหล็กมาล้างให้สะอาด แล้วหั่นให้เป็นชิ้นเล็กๆ
3. นำกระเทียม, หอมแดง, พริกไทย มาบุบให้ละเอียด
4. นำน้ำมันพืชลงกระทะแล้วนำกระเทียม, หอมแดง, พริกไทย ที่บุบแล้วลงไปผัดให้หอม
5. นำเนื้อหมูหรือไก่ลงไปผัดให้สุก
6. นำขี้เหล็กลงไปผัดให้สุก
7. นำน้ำปลา, น้ำตาล, เกลือ, น้ำซุป ใส่ลงไป แล้วผัดให้เข้ากัน
8. นำใบมะกรูดลงไปผัดให้เข้ากัน
9. ตั้งไฟให้อ่อนแล้วเคี่ยวให้แกงเข้มข้น
10. เมื่อแกงเข้มข้นแล้วก็เป็นอันเสร็จ

หมายเหตุ: แกงขี้เหล็กเป็นอาหารที่มีรสชาติเปรี้ยว เผ็ด เค็ม หวาน และมีกลิ่นหอมของใบมะกรูด ถ้าชอบรสชาติเปรี้ยวสามารถเพิ่มน้ำมะนาวลงไปได้","withiehdaekngkhiehlkaebboisan

swnphsm:

1. enueohmuhrueoaik 500 kram
2. khiehlk (phakbung) 1 kam
3. phrikaithy 1 chonota
4. kraethiym 3 haw
5. homaedng 2 haw
6. nampla 2 chonota
7. namtal 1 chonota
8. nammanphuech 2 chonota
9. namsup 2 thwy
10. eklueo 1 choncha
11. aibmakrud 2 aib

withiehd:

1. namenueohmuhrueoaikmaphaaihepnchinelk- aelwlangaihsaoad
2. namkhiehlkmalangaihsaoad aelwhanaihepnchinelk-
3. namkraethiym, homaedng, phrikaithy mabubaihlaeoiyd
4. namnammanphuechlngkrathaaelwnamkraethiym, homaedng, phrikaithy thibubaelwlngaipphadaihhom
5. namenueohmuhrueoaiklngaipphadaihsuk
6. namkhiehlklngaipphadaihsuk
7. namnampla, namtal, eklueo, namsup aislngaip aelwphadaihekhakan
8. namaibmakrudlngaipphadaihekhakan
9. tangaifaihoonaelwekhiywaihaekngekhmkhn
10. emueoaekngekhmkhnaelwkepnoanesrch

hmayehtu: aekngkhiehlkepnoaharthimirschatiepriyw ephd ekhm hwan aelamiklinhomkhongaibmakrud thachobrschatiepriywsamarthephimnammanawlngaipaid",.
จงเขียนวิธีเฮ็ด น้ำตกคอหมูย่าง เป็นภาษาอีสาน,"การทำน้ำตกคอหมูย่างแบบอีสาน

วัตถุดิบ:

- คอหมูย่าง 500 กรัม
- น้ำปลา 2 ช้อนโต๊ะ
- น้ำตาลทราย 1 ช้อนโต๊ะ
- น้ำมะนาว 1 ช้อนโต๊ะ
- พริกป่น 1 ช้อนโต๊ะ
- กระเทียม 3 หัว
- ต้นหอม 1 ต้น
- ผักชี 1 กำ
- น้ำ 1/2 ถ้วย
- น้ำมันพืช 2 ช้อนโต๊ะ

วิธีทำ:

1. นำคอหมูย่างมาหั่นเป็นชิ้นเล็กๆ แล้วพักไว้
2. นำกระเทียม, ต้นหอม, ผักชี มาสับให้ละเอียด
3. นำน้ำปลา, น้ำตาลทราย, น้ำมะนาว, พริกป่น มาผสมกันในถ้วย
4. นำคอหมูย่างที่หั่นไว้มาคลุกกับน้ำปรุงรสที่ผสมไว้ให้ทั่ว
5. นำกระเทียม, ต้นหอม, ผักชีที่สับไว้มาคลุกกับคอหมูย่างให้ทั่ว
6. นำน้ำมันพืชใส่กระทะแล้วนำคอหมูย่างที่คลุกไว้มาย่างให้สุก
7. นำน้ำที่เตรียมไว้ใส่กระทะแล้วนำคอหมูย่างที่ย่างไว้มาต้มให้น้ำแห้ง
8. นำน้ำตกคอหมูย่างที่ทำเสร็จแล้วมาตั้งให้เย็นแล้วเสิร์ฟ

น้ำตกคอหมูย่างแบบอีสานที่ทำเสร็จแล้วจะมีรสชาติที่เผ็ด, เปรี้ยว, หวาน, เค็ม ที่ลงตัว เหมาะสำหรับการทานกับข้าวเหนียวหรือข้าวสวย.","karthamnamtkkhohmuyangaebboisan

watthudib:

- khohmuyang 500 kram
- nampla 2 chonota
- namtalthray 1 chonota
- nammanaw 1 chonota
- phrikpn 1 chonota
- kraethiym 3 haw
- tnhom 1 tn
- phakchi 1 kam
- nam 1/2 thwy
- nammanphuech 2 chonota

withitham:

1. namkhohmuyangmahanepnchinelk- aelwphakaiw
2. namkraethiym, tnhom, phakchi masabaihlaeoiyd
3. namnampla, namtalthray, nammanaw, phrikpn maphsmkanainthwy
4. namkhohmuyangthihanaiwmakhlukkabnamprungrsthiphsmaiwaihthaw
5. namkraethiym, tnhom, phakchithisabaiwmakhlukkabkhohmuyangaihthaw
6. namnammanphuechaiskrathaaelwnamkhohmuyangthikhlukaiwmayangaihsuk
7. namnamthietriymaiwaiskrathaaelwnamkhohmuyangthiyangaiwmatmaihnamaehng
8. namnamtkkhohmuyangthithamesrchaelwmatangaiheynaelwesirf

namtkkhohmuyangaebboisanthithamesrchaelwchamirschatithiephd, epriyw, hwan, ekhm thilngtaw ehmaasamhrabkarthankabkhawehniywhrueokhawswy.",.
จงเขียนวิธีเฮ็ด ปลาส้ม เป็นภาษาอีสาน," the way to make grilled fish in Isan style:

1. เลือกปลาส้มที่สดๆ มา 1 ตัว
2. นำปลามาแกะเกล็ดและล้างให้สะอาด
3. นำปลามาโปะเกลือและผงปรุงรสให้ทั่วทั้งตัว
4. นำปลามาโปะน้ำมันพืชให้ทั่วทั้งตัว
5. นำปลามาย่างบนเตาหรือบนกระทะที่ร้อนจัด จนกว่าจะสุกทั่วทั้งตัว
6. นำปลามาโปะน้ำจิ้มที่ทำจากน้ำปลา, น้ำมะนาว, น้ำตาล, พริกไทย, กระเทียม, และผักชี จนกว่าจะเข้าที่
7. นำปลามาเสิร์ฟพร้อมกับข้าวเหนียวและผักสด

หมายเหตุ: การย่างปลาส้มในแบบอีสานจะต้องใช้ความร้อนสูงและย่างให้ปลาสุกทั่วทั้งตัว เพื่อให้เนื้อปลาแน่นและรสชาติดี"," the way to make grilled fish in Isan style:

1. elueokplasmthisd- ma 1 taw
2. namplamaaekaekldaelalangaihsaoad
3. namplamaopaeklueoaelaphngprungrsaihthawthangtaw
4. namplamaopanammanphuechaihthawthangtaw
5. namplamayangbnetahrueobnkrathathironchad chnkwachasukthawthangtaw
6. namplamaopanamchimthithamchaknampla, nammanaw, namtal, phrikaithy, kraethiym, aelaphakchi chnkwachaekhathi
7. namplamaesirfphromkabkhawehniywaelaphaksd

hmayehtu: karyangplasmainaebboisanchatongaichkhwamronsungaelayangaihplasukthawthangtaw ephueoaihenueoplaaennaelarschatidi",.
จงเขียนวิธีเฮ็ด แจ่วฮ้อน เป็นภาษาอีสาน,"การทำแจ่วฮ้อนเป็นอาหารที่สำคัญของคนอีสาน และเป็นอาหารที่มีความหมายทางวัฒนธรรมของคนอีสาน วิธีการทำแจ่วฮ้อนมีดังนี้

1. เตรียมวัตถุดิบ: ส่วนผสมที่จำเป็นในการทำแจ่วฮ้อน ได้แก่ เนื้อหมู, กระเทียม, พริกไทย, หอมแดง, น้ำปลา, น้ำมันพืช, น้ำตาล, น้ำมะนาว, และผักชี

2. ทำน้ำพริก: นำกระเทียม พริกไทย และหอมแดงมาบดให้ละเอียด แล้วนำไปผัดในน้ำมันพืชจนหอม

3. ทำน้ำแจ่ว: นำน้ำปลา น้ำมะนาว น้ำตาล และน้ำพริกที่ได้จากขั้นตอนที่ 2 มาผสมกันจนเข้ากัน

4. ทำเนื้อหมู: นำเนื้อหมูมาบดให้ละเอียด แล้วนำไปผัดในน้ำมันพืชจนสุก

5. ผสมเนื้อหมูกับน้ำแจ่ว: นำเนื้อหมูที่ผัดแล้วมาผสมกับน้ำแจ่วจนเข้ากัน

6. ตกแต่ง: นำแจ่วฮ้อนที่ได้มาตกแต่งด้วยผักชีและพริกขี้หนู

7. เสิร์ฟ: เสิร์ฟแจ่วฮ้อนร้อนๆ กับข้าวเหนียวหรือข้าวสวย

แจ่วฮ้อนเป็นอาหารที่มีรสชาติเผ็ดร้อนและเปรี้ยวหวาน ที่สำคัญคือต้องมีรสชาติที่ลงตัว ไม่เผ็ดเกินไป ไม่เปรี้ยวเกินไป และไม่หวานเกินไป การทำแจ่วฮ้อนเป็นศิลปะที่ต้องใช้ความรู้และประสบการณ์ในการทำ","karthamaechwhonepnoaharthisamkhaykhongkhnoisan aelaepnoaharthimikhwamhmaythangwathnthrrmkhongkhnoisan withikarthamaechwhonmidangni

1. etriymwatthudib: swnphsmthichamepnainkarthamaechwhon aidaek enueohmu, kraethiym, phrikaithy, homaedng, nampla, nammanphuech, namtal, nammanaw, aelaphakchi

2. thamnamphrik: namkraethiym phrikaithy aelahomaedngmabdaihlaeoiyd aelwnamaipphadainnammanphuechchnhom

3. thamnamaechw: namnampla nammanaw namtal aelanamphrikthiaidchakkhantonthi 2 maphsmkanchnekhakan

4. thamenueohmu: namenueohmumabdaihlaeoiyd aelwnamaipphadainnammanphuechchnsuk

5. phsmenueohmukabnamaechw: namenueohmuthiphadaelwmaphsmkabnamaechwchnekhakan

6. tkaetng: namaechwhonthiaidmatkaetngdwyphakchiaelaphrikkhihnu

7. esirf: esirfaechwhonron- kabkhawehniywhrueokhawswy

aechwhonepnoaharthimirschatiephdronaelaepriywhwan thisamkhaykhueotongmirschatithilngtaw aimephdekinaip aimepriywekinaip aelaaimhwanekinaip karthamaechwhonepnsilpathitongaichkhwamruaelaprasbkarnainkartham",.
จงเขียนวิธีเฮ็ด ตับหวาน เป็นภาษาอีสาน," the making of ""ตับหวาน"" in Isan dialect:

1. สิ่งที่ต้องเตรียม: ตับหมู, น้ำตาล, เกลือ, กระเทียม, พริกไทย, ใบมะกรูด, ใบโหระพา, น้ำปลา, น้ำมันพืช

2. การทำ:
- นำตับหมูไปล้างให้สะอาด แล้วหั่นเป็นชิ้นเล็กๆ
- นำกระเทียม พริกไทย ใบมะกรูด ใบโหระพา มาบดให้ละเอียด
- นำน้ำตาล เกลือ น้ำปลา น้ำมันพืช มาผสมกัน แล้วนำไปตั้งไฟให้เดือด
- นำตับหมูที่หั่นแล้วลงไปผสมกับน้ำตาลที่เดือด แล้วคนให้เข้ากัน
- นำกระเทียม พริกไทย ใบมะกรูด ใบโหระพาที่บดแล้วลงไปผสมกับตับหมู แล้วคนให้เข้ากัน
- ตั้งไฟให้เดือดอีกครั้ง แล้วลดไฟลงให้พอดี แล้วคนไปเรื่อยๆ จนตับหมูสุก
- นำตับหวานที่ทำเสร็จแล้วไปตั้งให้เย็น แล้วนำไปเก็บไว้ในตู้เย็น

3. การเสิร์ฟ: นำตับหวานมาตั้งให้อุ่น แล้วเสิร์ฟกับข้าวเหนียว หรือข้าวสวย

หมายเหตุ: ตับหวานเป็นอาหารที่มีรสชาติหวาน เปรี้ยว เค็ม และมีกลิ่นหอมของกระเทียม พริกไทย ใบมะกรูด ใบโหระพา เป็นอาหารที่นิยมในภาคอีสานของประเทศไทย"," the making of ""tabhwan"" in Isan dialect:

1. singthitongetriym: tabhmu, namtal, eklueo, kraethiym, phrikaithy, aibmakrud, aibohrapha, nampla, nammanphuech

2. kartham:
- namtabhmuaiplangaihsaoad aelwhanepnchinelk-
- namkraethiym phrikaithy aibmakrud aibohrapha mabdaihlaeoiyd
- namnamtal eklueo nampla nammanphuech maphsmkan aelwnamaiptangaifaihedueod
- namtabhmuthihanaelwlngaipphsmkabnamtalthiedueod aelwkhnaihekhakan
- namkraethiym phrikaithy aibmakrud aibohraphathibdaelwlngaipphsmkabtabhmu aelwkhnaihekhakan
- tangaifaihedueodoikkhrang aelwldaiflngaihphodi aelwkhnaiperueoy- chntabhmusuk
- namtabhwanthithamesrchaelwaiptangaiheyn aelwnamaipekbaiwaintueyn

3. karesirf: namtabhwanmatangaihoun aelwesirfkabkhawehniyw hrueokhawswy

hmayehtu: tabhwanepnoaharthimirschatihwan epriyw ekhm aelamiklinhomkhongkraethiym phrikaithy aibmakrud aibohrapha epnoaharthiniymainphakhoisankhongpraethsaithy",.
